{
  "train": {
    "n": 1257,
    "f1_macro": 0.9932757445113535,
    "f1_micro": 0.9960222752585521,
    "confusion_matrix": [
      [
        156,
        1,
        0
      ],
      [
        2,
        909,
        1
      ],
      [
        1,
        0,
        187
      ]
    ],
    "report": "              precision    recall  f1-score   support\n\n         neg       0.98      0.99      0.99       157\n         neu       1.00      1.00      1.00       912\n         pos       0.99      0.99      0.99       188\n\n    accuracy                           1.00      1257\n   macro avg       0.99      1.00      0.99      1257\nweighted avg       1.00      1.00      1.00      1257\n"
  },
  "val": {
    "n": 527,
    "f1_macro": 0.5640357360511404,
    "f1_micro": 0.855787476280835,
    "confusion_matrix": [
      [
        4,
        25,
        4
      ],
      [
        1,
        415,
        3
      ],
      [
        0,
        43,
        32
      ]
    ],
    "report": "              precision    recall  f1-score   support\n\n         neg       0.80      0.12      0.21        33\n         neu       0.86      0.99      0.92       419\n         pos       0.82      0.43      0.56        75\n\n    accuracy                           0.86       527\n   macro avg       0.83      0.51      0.56       527\nweighted avg       0.85      0.86      0.82       527\n"
  },
  "test": {
    "n": 390,
    "f1_macro": 0.5958499943068031,
    "f1_micro": 0.8102564102564103,
    "confusion_matrix": [
      [
        8,
        27,
        3
      ],
      [
        1,
        278,
        8
      ],
      [
        1,
        34,
        30
      ]
    ],
    "report": "              precision    recall  f1-score   support\n\n         neg       0.80      0.21      0.33        38\n         neu       0.82      0.97      0.89       287\n         pos       0.73      0.46      0.57        65\n\n    accuracy                           0.81       390\n   macro avg       0.78      0.55      0.60       390\nweighted avg       0.80      0.81      0.78       390\n"
  },
  "split": {
    "split_mode": "by_match",
    "val_fraction": 0.15,
    "test_fraction": 0.15,
    "random_state": 42,
    "n_train": 1257,
    "n_val": 527,
    "n_test": 390
  },
  "ngram": "bigram",
  "label_source": "weak",
  "use_pre_match_prior": false,
  "pre_match_class_prior": null
}